{
  "10.0": {
    "exp+1": 13.521339416503906,
    "exp+2": 20.82193946838379,
    "exp-1": 5.810370445251465,
    "exp-2": 4.1590576171875,
    "exp0": 8.65625
  },
  "100.0": {
    "exp+1": 0.5752500295639038,
    "exp+2": 0.8524557948112488,
    "exp-1": 0.2571446895599365,
    "exp-2": 0.186492919921875,
    "exp0": 0.37890625
  },
  "20.0": {
    "exp+1": 7.054026126861572,
    "exp+2": 10.730361938476562,
    "exp-1": 3.0737838745117188,
    "exp-2": 2.2099609375,
    "exp0": 4.5625
  },
  "200.0": {
    "exp+1": 0.14417427778244019,
    "exp+2": 0.21231184899806976,
    "exp-1": 0.06485290825366974,
    "exp-2": 0.04723548889160156,
    "exp0": 0.09521484375
  },
  "5.0": {
    "exp+1": 16.46332359313965,
    "exp+2": 25.20005226135254,
    "exp-1": 7.094398498535156,
    "exp-2": 5.13134765625,
    "exp0": 10.59375
  },
  "50.0": {
    "exp+1": 2.134948492050171,
    "exp+2": 3.1637532711029053,
    "exp-1": 0.9543514251708984,
    "exp-2": 0.692138671875,
    "exp0": 1.40625
  }
}