{
  "1.0": {
    "exp+1": 15.835908889770508,
    "exp+2": 25.353212356567383,
    "exp-1": 6.448436737060547,
    "exp-2": 4.561279296875,
    "exp0": 9.8125
  },
  "10.0": {
    "exp+1": 3.7058167457580566,
    "exp+2": 5.5494842529296875,
    "exp-1": 1.6436052322387695,
    "exp-2": 1.1920166015625,
    "exp0": 2.421875
  },
  "2.0": {
    "exp+1": 16.8264102935791,
    "exp+2": 27.29315185546875,
    "exp-1": 6.748435974121094,
    "exp-2": 4.7822265625,
    "exp0": 10.375
  },
  "20.0": {
    "exp+1": 1.0200309753417969,
    "exp+2": 1.5115710496902466,
    "exp-1": 0.45596790313720703,
    "exp-2": 0.3306884765625,
    "exp0": 0.671875
  },
  "5.0": {
    "exp+1": 8.479325294494629,
    "exp+2": 12.898483276367188,
    "exp-1": 3.694856643676758,
    "exp-2": 2.656494140625,
    "exp0": 5.484375
  },
  "50.0": {
    "exp+1": 0.17966331541538239,
    "exp+2": 0.26457321643829346,
    "exp-1": 0.08081670105457306,
    "exp-2": 0.05886268615722656,
    "exp0": 0.11865234375
  }
}