{
  "10.0": {
    "exp+1": 0.7218559384346008,
    "exp+2": 1.0387084484100342,
    "exp-1": 0.3330078125,
    "exp-2": 0.2421875,
    "exp0": 0.484375
  },
  "20.0": {
    "exp+1": 0.19904081523418427,
    "exp+2": 0.28569456934928894,
    "exp-1": 0.092315673828125,
    "exp-2": 0.067138671875,
    "exp0": 0.13427734375
  },
  "50.0": {
    "exp+1": 0.03356049954891205,
    "exp+2": 0.04827679321169853,
    "exp-1": 0.015923261642456055,
    "exp-2": 0.01111602783203125,
    "exp0": 0.02294921875
  }
}