{
  "200.0": {
    "exp+1": 0.006916949059814215,
    "exp+2": 0.009737152606248856,
    "exp-1": 0.00295257568359375,
    "exp-2": 0.002471923828125,
    "exp0": 0.00439453125
  },
  "5.0": {
    "exp+1": 1.7949862480163574,
    "exp+2": 2.583817720413208,
    "exp-1": 0.8384323120117188,
    "exp-2": 0.61492919921875,
    "exp0": 1.2109375
  },
  "50.0": {
    "exp+1": 0.09594393521547318,
    "exp+2": 0.13578300178050995,
    "exp-1": 0.04555398225784302,
    "exp-2": 0.03322601318359375,
    "exp0": 0.0654296875
  },
  "80.0": {
    "exp+1": 0.03927292674779892,
    "exp+2": 0.055500589311122894,
    "exp-1": 0.018318891525268555,
    "exp-2": 0.01384735107421875,
    "exp0": 0.02685546875
  }
}