{
  "1.0": {
    "exp+1": 2.090566873550415,
    "exp+2": 3.001634120941162,
    "exp-1": 0.9817771911621094,
    "exp-2": 0.720062255859375,
    "exp0": 1.41796875
  },
  "10.0": {
    "exp+1": 0.17040789127349854,
    "exp+2": 0.2418815642595291,
    "exp-1": 0.08074617385864258,
    "exp-2": 0.059467315673828125,
    "exp0": 0.1162109375
  },
  "2.0": {
    "exp+1": 1.7370834350585938,
    "exp+2": 2.4861998558044434,
    "exp-1": 0.8113861083984375,
    "exp-2": 0.5950927734375,
    "exp0": 1.171875
  },
  "20.0": {
    "exp+1": 0.04666648060083389,
    "exp+2": 0.06613717973232269,
    "exp-1": 0.02213001251220703,
    "exp-2": 0.01636505126953125,
    "exp0": 0.03173828125
  },
  "50.0": {
    "exp+1": 0.007768947631120682,
    "exp+2": 0.010712741874158382,
    "exp-1": 0.003482818603515625,
    "exp-2": 0.002349853515625,
    "exp0": 0.00537109375
  }
}