{
  "10.0": {
    "exp+1": 34.094093322753906,
    "exp+2": 48.66925811767578,
    "exp-1": 16.0113525390625,
    "exp-2": 11.7431640625,
    "exp0": 23.125
  },
  "20.0": {
    "exp+1": 12.509943962097168,
    "exp+2": 17.80942153930664,
    "exp-1": 5.906890869140625,
    "exp-2": 4.332275390625,
    "exp0": 8.53125
  },
  "50.0": {
    "exp+1": 5.384316444396973,
    "exp+2": 7.620060920715332,
    "exp-1": 2.5423431396484375,
    "exp-2": 1.8646240234375,
    "exp0": 3.671875
  }
}