{
  "1.0": {
    "exp+1": 17.98631477355957,
    "exp+2": 27.105825424194336,
    "exp-1": 4.932153701782227,
    "exp-2": 3.177001953125,
    "exp0": 8.9375
  },
  "10.0": {
    "exp+1": 29.6837100982666,
    "exp+2": 44.73408889770508,
    "exp-1": 4.119178771972656,
    "exp-2": 1.728515625,
    "exp0": 14.75
  },
  "2.0": {
    "exp+1": 23.89790153503418,
    "exp+2": 36.014732360839844,
    "exp-1": 5.9070587158203125,
    "exp-2": 3.57177734375,
    "exp0": 11.875
  },
  "20.0": {
    "exp+1": 11.194280624389648,
    "exp+2": 16.870058059692383,
    "exp-1": 1.4328937530517578,
    "exp-2": 0.5758056640625,
    "exp0": 5.5625
  },
  "50.0": {
    "exp+1": 2.3897900581359863,
    "exp+2": 3.601473331451416,
    "exp-1": 0.29209136962890625,
    "exp-2": 0.111328125,
    "exp0": 1.1875
  }
}