{
  "200.0": {
    "exp+1": 2.1067886352539062,
    "exp+2": 3.174983024597168,
    "exp-1": 0.2537956237792969,
    "exp-2": 0.09814453125,
    "exp0": 1.046875
  },
  "5.0": {
    "exp+1": 18.866764068603516,
    "exp+2": 28.43268394470215,
    "exp-1": 4.870891571044922,
    "exp-2": 3.03955078125,
    "exp0": 9.375
  },
  "50.0": {
    "exp+1": 20.627662658691406,
    "exp+2": 31.086400985717773,
    "exp-1": 2.761444091796875,
    "exp-2": 1.12109375,
    "exp0": 10.25
  },
  "80.0": {
    "exp+1": 10.188053131103516,
    "exp+2": 15.353649139404297,
    "exp-1": 1.2959060668945312,
    "exp-2": 0.51416015625,
    "exp0": 5.0625
  }
}