{
  "10.0": {
    "exp+1": 15.470746994018555,
    "exp+2": 23.314800262451172,
    "exp-1": 2.998354911804199,
    "exp-2": 1.531494140625,
    "exp0": 7.6875
  },
  "100.0": {
    "exp+1": 6.540478229522705,
    "exp+2": 9.856663703918457,
    "exp-1": 0.61968994140625,
    "exp-2": 0.203125,
    "exp0": 3.25
  },
  "20.0": {
    "exp+1": 15.030522346496582,
    "exp+2": 22.651371002197266,
    "exp-1": 2.3540420532226562,
    "exp-2": 1.05029296875,
    "exp0": 7.46875
  },
  "200.0": {
    "exp+1": 1.918121099472046,
    "exp+2": 2.8906562328338623,
    "exp-1": 0.16989028453826904,
    "exp-2": 0.053985595703125,
    "exp0": 0.953125
  },
  "5.0": {
    "exp+1": 21.00499725341797,
    "exp+2": 31.655054092407227,
    "exp-1": 3.941455841064453,
    "exp-2": 2.03857421875,
    "exp0": 10.4375
  },
  "50.0": {
    "exp+1": 32.702392578125,
    "exp+2": 49.28331756591797,
    "exp-1": 2.808837890625,
    "exp-2": 0.888671875,
    "exp0": 16.25
  }
}