{
  "1.0": {
    "exp+1": 6.351810932159424,
    "exp+2": 9.57233715057373,
    "exp-1": 1.665632724761963,
    "exp-2": 1.0479736328125,
    "exp0": 3.15625
  },
  "10.0": {
    "exp+1": 31.947721481323242,
    "exp+2": 48.14601135253906,
    "exp-1": 3.249317169189453,
    "exp-2": 1.1162109375,
    "exp0": 15.875
  },
  "2.0": {
    "exp+1": 16.980087280273438,
    "exp+2": 25.589414596557617,
    "exp-1": 3.264484405517578,
    "exp-2": 1.680908203125,
    "exp0": 8.4375
  },
  "20.0": {
    "exp+1": 11.94895076751709,
    "exp+2": 18.007366180419922,
    "exp-1": 1.100325584411621,
    "exp-2": 0.3594970703125,
    "exp0": 5.9375
  },
  "5.0": {
    "exp+1": 33.7086181640625,
    "exp+2": 50.79972839355469,
    "exp-1": 4.3418731689453125,
    "exp-2": 1.7666015625,
    "exp0": 16.75
  },
  "50.0": {
    "exp+1": 2.6413469314575195,
    "exp+2": 3.9805755615234375,
    "exp-1": 0.22574615478515625,
    "exp-2": 0.07049560546875,
    "exp0": 1.3125
  }
}