{"FPMC_WW_bSM_13tev_a0w_2e-6_aCw_0_semi_pt0": [100000.0, 0.058313, 1.0, 6], "FPMC_WW_bSM_13tev_a0w_0_aCw_5e-6_semi_pt0": [100000.0, 0.049199, 1.0, 6], "FPMC_WW_bSM_13tev_a0w_5e-6_aCw_0_semi_pt0": [100000.0, 0.148122, 1.0, 6], "FPMC_WW_bSM_13tev_a0w_0_aCw_8e-6_semi_pt0": [100000.0, 0.061404, 1.0, 6], "FPMC_WW_bSM_13tev_a0w_0_aCw_0_semi_pt0": [262999.0, 0.0409705, 1.0, 6], "FPMC_WW_bSM_13tev_a0w_1e-6_aCw_0_semi_pt0": [100000.0, 0.045393, 1.0, 6], "FPMC_WW_bSM_13tev_a0w_0_aCw_2e-5_semi_pt0": [99000.0, 0.16477, 1.0, 6]}
