{ "FPMC_WW_bSM_13tev_a0w_1e-6_aCw_0_semi_pt0": [100000.0, 0.045393, 1.0, 6],
  "FPMC_WW_bSM_13tev_a0w_2e-6_aCw_0_semi_pt0": [100000.0, 0.058313, 1.0, 6],
  "FPMC_WW_bSM_13tev_a0w_5e-6_aCw_0_semi_pt0": [100000.0, 0.148122, 1.0, 6],
  "FPMC_WW_bSM_13tev_a0w_0_aCw_2e-5_semi_pt0": [99000.0, 0.16477, 1.0, 6],
  "FPMC_WW_bSM_13tev_a0w_0_aCw_5e-6_semi_pt0": [100000.0, 0.049199, 1.0, 6],
  "FPMC_WW_bSM_13tev_a0w_0_aCw_8e-6_semi_pt0": [100000.0, 0.061404, 1.0, 6],
  "FPMC_WW_bSM_13tev_a0w_0_aCw_0_semi_pt0": [262999.0, 0.0409705, 1.0, 6],
  "TTJets_TuneCP5_13TeV-amcatnloFXFX-pythia8": [200205760.0, 831.76, 1.0, 800],
  "WW_TuneCP5_13TeV-pythia8": [6013000.0, 115.0, 1.0, 800],
  "WZ_TuneCP5_13TeV-pythia8": [6017000.0, 47.13, 1.0, 800],
  "ZZ_TuneCP5_13TeV-pythia8": [3000.0, 16.523, 1.0, 800],
  "ST_s-channel_4f_leptonDecays_TuneCP5_13TeV-amcatnlo-pythia8": [7654000.0, 3.36, 1.0, 800],
  "ST_t-channel_top_4f_InclusiveDecays_TuneCP5_13TeV-powheg-madspin-pythia8": [178756000.0, 136.02, 1.0, 800],
  "ST_t-channel_antitop_4f_InclusiveDecays_TuneCP5_13TeV-powheg-madspin-pythia8": [76866000.0, 80.945, 1.0, 800],
  "ST_tW_top_5f_inclusiveDecays_TuneCP5_13TeV-powheg-pythia8": [914000.00, 34.91, 1.0, 800],
  "ST_tW_antitop_5f_inclusiveDecays_TuneCP5_13TeV-powheg-pythia8": [6246000.0, 35.85, 1.0, 800],
  "DYJetsToLL_0J_TuneCP5_13TeV-amcatnloFXFX-pythia8": [49476008.0, 4620.52, 1.0, 800],
  "DYJetsToLL_1J_TuneCP5_13TeV-amcatnloFXFX-pythia8": [72888824.0, 859.59, 1.0, 800],
  "DYJetsToLL_2J_TuneCP5_13TeV-amcatnloFXFX-pythia8": [26444976.0, 338.26, 1.0, 800],
  "QCD_Pt_170to300_TuneCP5_13TeV-pythia8": [18642000.0, 103500, 1.0, 800],
  "QCD_Pt_300to470_TuneCP5_13TeV-pythia8": [23160000.0, 6830, 1.0, 800],
  "QCD_Pt_470to600_TuneCP5_13TeV-pythia8": [14669000.0, 552.1, 1.0, 800],
  "QCD_Pt_600to800_TuneCP5_13TeV-pythia8": [67508000.0, 156.9, 1.0, 800],
  "QCD_Pt_800to1000_TuneCP5_13TeV-pythia8": [16569000.0, 26.28, 1.0, 800],
  "QCD_Pt_1000to1400_TuneCP5_13TeV-pythia8": [11516000.0, 7.47, 1.0, 800],
  "QCD_Pt_1400to1800_TuneCP5_13TeV-pythia8": [8736000.0, 0.6484, 1.0, 800],
  "QCD_Pt_1800to2400_TuneCP5_13TeV-pythia8": [4161000.0, 0.08743, 1.0, 800],
  "QCD_Pt_2400to3200_TuneCP5_13TeV-pythia8": [2652000.0, 0.005236, 1.0, 800],
  "QCD_Pt_3200toInf_TuneCP5_13TeV-pythia8": [826000.0, 0.0001357, 1.0, 800],
  "WJetsToLNu_0J_TuneCP5_13TeV-amcatnloFXFX-pythia8": [43564756.0, 50131.983, 1.0, 800],
  "WJetsToLNu_1J_TuneCP5_13TeV-amcatnloFXFX-pythia8": [109938200.0, 8426.094, 1.0, 800],
  "WJetsToLNu_2J_TuneCP5_13TeV-amcatnloFXFX-pythia8": [1755467.0, 3172.958, 1.0, 800]
 
}
