{ //"FPMC_WW_bSM_13tev_a0w_1e-7_aCw_0_semi_pt0": [130939.0, 0.040469115, 1.0, 6],
  //"FPMC_WW_bSM_13tev_a0w_2e-7_aCw_0_semi_pt0": [131183.0, 0.040615825, 1.0, 6],
  //"FPMC_WW_bSM_13tev_a0w_5e-7_aCw_0_semi_pt0": [131046.0, 0.041579465, 1.0, 6],
  //"FPMC_WW_bSM_13tev_a0w_1e-6_aCw_0_semi_pt0": [130973.0, 0.044930565, 1.0, 6],
  //"FPMC_WW_bSM_13tev_a0w_2e-6_aCw_0_semi_pt0": [131203.0, 0.058176638, 1.0, 6],
  //"FPMC_WW_bSM_13tev_a0w_5e-6_aCw_0_semi_pt0": [131351.0, 0.15026584, 1.0, 6],
  //"FPMC_WW_bSM_13tev_a0w_0_aCw_5e-7_semi_pt0": [131205.0, 0.040550411, 1.0, 6],
  //"FPMC_WW_bSM_13tev_a0w_0_aCw_1e-6_semi_pt0": [131474.0, 0.040845135, 1.0, 6],
  //"FPMC_WW_bSM_13tev_a0w_0_aCw_2e-6_semi_pt0": [131467.0, 0.041896497, 1.0, 6],
  //"FPMC_WW_bSM_13tev_a0w_0_aCw_5e-6_semi_pt0": [131370.0, 0.048745879, 1.0, 6],  
  //"FPMC_WW_bSM_13tev_a0w_0_aCw_1e-5_semi_pt0": [131582.0, 0.072479178, 1.0, 6],
  //"FPMC_WW_bSM_13tev_a0w_0_aCw_2e-5_semi_pt0": [131524.0, 0.16613701, 1.0, 6],
  "FPMC_WW_bSM_13tev_a0w_1e-7_aCw_0_semi_pt0": [130939.0, 0.01766328483, 1.0, 6],
  "FPMC_WW_bSM_13tev_a0w_2e-7_aCw_0_semi_pt0": [131183.0, 0.01776035257, 1.0, 6],
  "FPMC_WW_bSM_13tev_a0w_5e-7_aCw_0_semi_pt0": [131046.0, 0.0181627419, 1.0, 6],
  "FPMC_WW_bSM_13tev_a0w_1e-6_aCw_0_semi_pt0": [130973.0, 0.0196156363, 1.0, 6],
  "FPMC_WW_bSM_13tev_a0w_2e-6_aCw_0_semi_pt0": [131203.0, 0.02544316479, 1.0, 6],
  "FPMC_WW_bSM_13tev_a0w_5e-6_aCw_0_semi_pt0": [131351.0, 0.0657918945, 1.0, 6],
  "FPMC_WW_bSM_13tev_a0w_0_aCw_5e-7_semi_pt0": [131205.0, 0.01773472225, 1.0, 6],
  "FPMC_WW_bSM_13tev_a0w_0_aCw_1e-6_semi_pt0": [131474.0, 0.01790024426, 1.0, 6],
  "FPMC_WW_bSM_13tev_a0w_0_aCw_2e-6_semi_pt0": [131467.0, 0.01836002257, 1.0, 6],
  "FPMC_WW_bSM_13tev_a0w_0_aCw_5e-6_semi_pt0": [131370.0, 0.02134582041, 1.0, 6],  
  "FPMC_WW_bSM_13tev_a0w_0_aCw_1e-5_semi_pt0": [131582.0, 0.03178985067, 1.0, 6],
  "FPMC_WW_bSM_13tev_a0w_0_aCw_2e-5_semi_pt0": [131524.0, 0.07283668034, 1.0, 6],
  "FPMC_WW_bSM_13tev_a0w_0_aCw_0_semi_pt0": [262999.0, 0.040409657, 1.0, 6],
  "FPMC_WW_bSM_13tev_a0w_0_aCw_8e-6_semi_pt0": [100000.0, 0.061404, 1.0, 6],
  "TTJets_TuneCP5_13TeV-amcatnloFXFX-pythia8": [306142140.0, 831.76, 1.0, 800],
  "WW_TuneCP5_13TeV-pythia8": [15679000.0, 75.95, 1.0, 800],
  "WZ_TuneCP5_13TeV-pythia8": [7940000.0, 27.59, 1.0, 800],
  "ZZ_TuneCP5_13TeV-pythia8": [3526000.0, 12.17, 1.0, 800],
  "ST_s-channel_4f_leptonDecays_TuneCP5_13TeV-amcatnlo-pythia8": [19366000.0, 3.549, 1.0, 800],
  "ST_t-channel_top_4f_InclusiveDecays_TuneCP5_13TeV-powheg-madspin-pythia8": [178756000.0, 115.3, 1.0, 800],
  "ST_t-channel_antitop_4f_InclusiveDecays_TuneCP5_13TeV-powheg-madspin-pythia8": [95833000.0, 69.09, 1.0, 800],
  "ST_tW_top_5f_inclusiveDecays_TuneCP5_13TeV-powheg-pythia8": [7956000.0, 34.91, 1.0, 800],
  "ST_tW_antitop_5f_inclusiveDecays_TuneCP5_13TeV-powheg-pythia8": [7749000.0, 34.97, 1.0, 800],
  "DYJetsToLL_0J_TuneCP5_13TeV-amcatnloFXFX-pythia8": [86443200.0, 5129, 1.0, 800],
  "DYJetsToLL_1J_TuneCP5_13TeV-amcatnloFXFX-pythia8": [92022392.0, 951.5, 1.0, 800],
  "DYJetsToLL_2J_TuneCP5_13TeV-amcatnloFXFX-pythia8": [44735476.0, 361.4, 1.0, 800],
  "QCD_Pt_170to300_TuneCP5_13TeV-pythia8": [29676000.0, 103700, 1.0, 800],
  "QCD_Pt_300to470_TuneCP5_13TeV-pythia8": [57910000.0, 6830, 1.0, 800],
  "QCD_Pt_470to600_TuneCP5_13TeV-pythia8": [52448000.0, 551.2, 1.0, 800],
  "QCD_Pt_600to800_TuneCP5_13TeV-pythia8": [67508000.0, 156.7, 1.0, 800],
  "QCD_Pt_800to1000_TuneCP5_13TeV-pythia8": [37160000.0, 26.25, 1.0, 800],
  "QCD_Pt_1000to1400_TuneCP5_13TeV-pythia8": [19730000.0, 7.465, 1.0, 800],
  "QCD_Pt_1400to1800_TuneCP5_13TeV-pythia8": [10982000.0, 0.6487, 1.0, 800],
  "QCD_Pt_1800to2400_TuneCP5_13TeV-pythia8": [5491000.0, 0.08734, 1.0, 800],
  "QCD_Pt_2400to3200_TuneCP5_13TeV-pythia8": [2997000.0, 0.005237, 1.0, 800],
  "QCD_Pt_3200toInf_TuneCP5_13TeV-pythia8": [1000000.0, 0.0001352, 1.0, 800],
  "WJetsToLNu_0J_TuneCP5_13TeV-amcatnloFXFX-pythia8": [172138160.0, 53330, 1.0, 800],
  "WJetsToLNu_1J_TuneCP5_13TeV-amcatnloFXFX-pythia8": [184528800.0, 8875, 1.0, 800],
  "WJetsToLNu_2J_TuneCP5_13TeV-amcatnloFXFX-pythia8": [94925912.0, 3338, 1.0, 800]
 
}
