{
  "10.0": {
    "exp+1": 1.3303606510162354,
    "exp+2": 1.8990875482559204,
    "exp-1": 0.6247673034667969,
    "exp-2": 0.458221435546875,
    "exp0": 0.90234375
  },
  "100.0": {
    "exp+1": 0.03356049954891205,
    "exp+2": 0.04742777720093727,
    "exp-1": 0.015654325485229492,
    "exp-2": 0.01183319091796875,
    "exp0": 0.02294921875
  },
  "20.0": {
    "exp+1": 0.6104685068130493,
    "exp+2": 0.8714427947998047,
    "exp-1": 0.2882819175720215,
    "exp-2": 0.21026611328125,
    "exp0": 0.4140625
  },
  "200.0": {
    "exp+1": 0.007768947631120682,
    "exp+2": 0.011247976683080196,
    "exp-1": 0.003902435302734375,
    "exp-2": 0.003021240234375,
    "exp0": 0.00537109375
  },
  "5.0": {
    "exp+1": 1.905653476715088,
    "exp+2": 2.739657163619995,
    "exp-1": 0.8925247192382812,
    "exp-2": 0.65460205078125,
    "exp0": 1.2890625
  },
  "50.0": {
    "exp+1": 0.12243591994047165,
    "exp+2": 0.17378884553909302,
    "exp-1": 0.058333620429039,
    "exp-2": 0.04272651672363281,
    "exp0": 0.08349609375
  }
}