{
  "1.0": {
    "exp+1": 2.1655678749084473,
    "exp+2": 3.1513309478759766,
    "exp-1": 1.0025711059570312,
    "exp-2": 0.73223876953125,
    "exp0": 1.453125
  },
  "10.0": {
    "exp+1": 0.22410784661769867,
    "exp+2": 0.31904470920562744,
    "exp-1": 0.10619139671325684,
    "exp-2": 0.07820701599121094,
    "exp0": 0.15283203125
  },
  "2.0": {
    "exp+1": 1.6907612085342407,
    "exp+2": 2.4476780891418457,
    "exp-1": 0.7869644165039062,
    "exp-2": 0.57476806640625,
    "exp0": 1.140625
  },
  "20.0": {
    "exp+1": 0.05894332751631737,
    "exp+2": 0.08380717784166336,
    "exp-1": 0.02774876356124878,
    "exp-2": 0.020580291748046875,
    "exp0": 0.04052734375
  },
  "5.0": {
    "exp+1": 0.6443995833396912,
    "exp+2": 0.9173809289932251,
    "exp-1": 0.30426979064941406,
    "exp-2": 0.2231597900390625,
    "exp0": 0.439453125
  },
  "50.0": {
    "exp+1": 0.009181483648717403,
    "exp+2": 0.013293063268065453,
    "exp-1": 0.004611968994140625,
    "exp-2": 0.003570556640625,
    "exp0": 0.00634765625
  }
}