{
  "1.0": {
    "exp+1": 1198.74560546875,
    "exp+2": 2048.9228515625,
    "exp-1": 419.983154296875,
    "exp-2": 290.46875,
    "exp0": 676.0
  },
  "10.0": {
    "exp+1": 134.7704620361328,
    "exp+2": 216.7753448486328,
    "exp-1": 42.265472412109375,
    "exp-2": 28.48828125,
    "exp0": 71.5
  },
  "2.0": {
    "exp+1": 1023.5374145507812,
    "exp+2": 1718.6905517578125,
    "exp-1": 347.8515930175781,
    "exp-2": 236.98828125,
    "exp0": 567.0
  },
  "20.0": {
    "exp+1": 52.61431121826172,
    "exp+2": 81.87267303466797,
    "exp-1": 15.745330810546875,
    "exp-2": 10.44140625,
    "exp0": 27.0
  },
  "50.0": {
    "exp+1": 22.408973693847656,
    "exp+2": 34.588836669921875,
    "exp-1": 6.621389389038086,
    "exp-2": 4.366455078125,
    "exp0": 11.40625
  }
}