{
  "200.0": {
    "exp+1": 21.191875457763672,
    "exp+2": 32.97649383544922,
    "exp-1": 6.315816879272461,
    "exp-2": 4.20556640625,
    "exp0": 10.875
  },
  "5.0": {
    "exp+1": 945.4533081054688,
    "exp+2": 1630.584716796875,
    "exp-1": 335.64251708984375,
    "exp-2": 233.2734375,
    "exp0": 538.0
  },
  "50.0": {
    "exp+1": 87.21393585205078,
    "exp+2": 137.95928955078125,
    "exp-1": 26.65460205078125,
    "exp-2": 17.7734375,
    "exp0": 45.5
  },
  "80.0": {
    "exp+1": 46.28110885620117,
    "exp+2": 72.01763153076172,
    "exp-1": 13.850059509277344,
    "exp-2": 9.1845703125,
    "exp0": 23.75
  }
}