{
  "1.0": {
    "exp+1": 762.107177734375,
    "exp+2": 1297.336181640625,
    "exp-1": 285.8642578125,
    "exp-2": 196.875,
    "exp0": 450.0
  },
  "10.0": {
    "exp+1": 195.24777221679688,
    "exp+2": 324.3834228515625,
    "exp-1": 75.330810546875,
    "exp-2": 53.2421875,
    "exp0": 117.5
  },
  "2.0": {
    "exp+1": 696.2452392578125,
    "exp+2": 1161.2520751953125,
    "exp-1": 269.3553161621094,
    "exp-2": 188.22265625,
    "exp0": 419.0
  },
  "20.0": {
    "exp+1": 70.14962005615234,
    "exp+2": 116.1434555053711,
    "exp-1": 27.509567260742188,
    "exp-2": 19.314453125,
    "exp0": 42.625
  },
  "5.0": {
    "exp+1": 434.1103515625,
    "exp+2": 726.5613403320312,
    "exp-1": 166.58233642578125,
    "exp-2": 116.796875,
    "exp0": 260.0
  },
  "50.0": {
    "exp+1": 31.420509338378906,
    "exp+2": 52.01091384887695,
    "exp-1": 12.2623291015625,
    "exp-2": 8.609375,
    "exp0": 19.0
  }
}