{
  "10.0": {
    "exp+1": 651.3797607421875,
    "exp+2": 1094.869384765625,
    "exp-1": 250.3115234375,
    "exp-2": 176.09375,
    "exp0": 392.0
  },
  "100.0": {
    "exp+1": 48.96073532104492,
    "exp+2": 81.06200408935547,
    "exp-1": 19.200225830078125,
    "exp-2": 13.48046875,
    "exp0": 29.75
  },
  "20.0": {
    "exp+1": 358.14105224609375,
    "exp+2": 599.4130859375,
    "exp-1": 137.8919219970703,
    "exp-2": 96.357421875,
    "exp0": 214.5
  },
  "200.0": {
    "exp+1": 28.560178756713867,
    "exp+2": 47.26451110839844,
    "exp-1": 11.019134521484375,
    "exp-2": 7.7880859375,
    "exp0": 17.1875
  },
  "5.0": {
    "exp+1": 864.0751953125,
    "exp+2": 1441.1719970703125,
    "exp-1": 334.283447265625,
    "exp-2": 233.59375,
    "exp0": 520.0
  },
  "50.0": {
    "exp+1": 128.9894561767578,
    "exp+2": 214.36376953125,
    "exp-1": 50.0068359375,
    "exp-2": 35.34375,
    "exp0": 78.0
  }
}