{
  "10.0": {
    "exp+1": 3.2460978031158447,
    "exp+2": 5.046787261962891,
    "exp-1": 1.4103193283081055,
    "exp-2": 1.0228271484375,
    "exp0": 2.078125
  },
  "100.0": {
    "exp+1": 0.08181832730770111,
    "exp+2": 0.1269674003124237,
    "exp-1": 0.03607863187789917,
    "exp-2": 0.025714874267578125,
    "exp0": 0.05224609375
  },
  "20.0": {
    "exp+1": 1.4910987615585327,
    "exp+2": 2.3004255294799805,
    "exp-1": 0.649489164352417,
    "exp-2": 0.471038818359375,
    "exp0": 0.95703125
  },
  "200.0": {
    "exp+1": 0.019603008404374123,
    "exp+2": 0.030277302488684654,
    "exp-1": 0.0087738037109375,
    "exp-2": 0.006103515625,
    "exp0": 0.01220703125
  },
  "5.0": {
    "exp+1": 4.638111591339111,
    "exp+2": 7.182100772857666,
    "exp-1": 2.0306477546691895,
    "exp-2": 1.47271728515625,
    "exp0": 2.9921875
  },
  "50.0": {
    "exp+1": 0.3012627959251404,
    "exp+2": 0.4647798538208008,
    "exp-1": 0.13122332096099854,
    "exp-2": 0.0951690673828125,
    "exp0": 0.193359375
  }
}