{
  "1.0": {
    "exp+1": 5.3723578453063965,
    "exp+2": 8.321418762207031,
    "exp-1": 2.305337905883789,
    "exp-2": 1.657470703125,
    "exp0": 3.421875
  },
  "10.0": {
    "exp+1": 0.5507935881614685,
    "exp+2": 0.8497490286827087,
    "exp-1": 0.23991334438323975,
    "exp-2": 0.1739959716796875,
    "exp0": 0.353515625
  },
  "2.0": {
    "exp+1": 4.161351203918457,
    "exp+2": 6.469753742218018,
    "exp-1": 1.8013803958892822,
    "exp-2": 1.300811767578125,
    "exp0": 2.6640625
  },
  "20.0": {
    "exp+1": 0.1449342966079712,
    "exp+2": 0.22401438653469086,
    "exp-1": 0.06329205632209778,
    "exp-2": 0.045902252197265625,
    "exp0": 0.09326171875
  },
  "5.0": {
    "exp+1": 1.5783421993255615,
    "exp+2": 2.439528465270996,
    "exp-1": 0.6892538070678711,
    "exp-2": 0.4998779296875,
    "exp0": 1.015625
  },
  "50.0": {
    "exp+1": 0.02334236167371273,
    "exp+2": 0.03574887290596962,
    "exp-1": 0.01036214828491211,
    "exp-2": 0.0070953369140625,
    "exp0": 0.01513671875
  }
}