{
  "200.0": {
    "exp+1": 8.974740028381348,
    "exp+2": 14.109811782836914,
    "exp-1": 3.7803268432617188,
    "exp-2": 2.71044921875,
    "exp0": 5.6875
  },
  "5.0": {
    "exp+1": 495.7857360839844,
    "exp+2": 755.5323486328125,
    "exp-1": 216.91046142578125,
    "exp-2": 158.23828125,
    "exp0": 321.5
  },
  "50.0": {
    "exp+1": 37.581974029541016,
    "exp+2": 58.76206588745117,
    "exp-1": 15.970508575439453,
    "exp-2": 11.501220703125,
    "exp0": 23.9375
  },
  "80.0": {
    "exp+1": 19.576501846313477,
    "exp+2": 30.694011688232422,
    "exp-1": 8.266868591308594,
    "exp-2": 5.92724609375,
    "exp0": 12.4375
  }
}