{
  "1.0": {
    "exp+1": 594.4817504882812,
    "exp+2": 900.7673950195312,
    "exp-1": 262.2981872558594,
    "exp-2": 190.23046875,
    "exp0": 386.5
  },
  "10.0": {
    "exp+1": 59.74772644042969,
    "exp+2": 92.89124298095703,
    "exp-1": 25.61517333984375,
    "exp-2": 18.52734375,
    "exp0": 38.25
  },
  "2.0": {
    "exp+1": 490.0054626464844,
    "exp+2": 755.9667358398438,
    "exp-1": 211.88055419921875,
    "exp-2": 152.3359375,
    "exp0": 314.5
  },
  "20.0": {
    "exp+1": 22.190290451049805,
    "exp+2": 34.886898040771484,
    "exp-1": 9.346961975097656,
    "exp-2": 6.70166015625,
    "exp0": 14.0625
  },
  "50.0": {
    "exp+1": 9.3917875289917,
    "exp+2": 14.776643753051758,
    "exp-1": 3.9361095428466797,
    "exp-2": 2.8221435546875,
    "exp0": 5.921875
  }
}