{
  "1.0": {
    "exp+1": 12.688004493713379,
    "exp+2": 19.427404403686523,
    "exp-1": 3.6707687377929688,
    "exp-2": 2.4273681640625,
    "exp0": 6.40625
  },
  "10.0": {
    "exp+1": 23.39478874206543,
    "exp+2": 35.256526947021484,
    "exp-1": 3.5494422912597656,
    "exp-2": 1.58935546875,
    "exp0": 11.625
  },
  "2.0": {
    "exp+1": 21.885446548461914,
    "exp+2": 32.98191452026367,
    "exp-1": 5.257621765136719,
    "exp-2": 3.1435546875,
    "exp0": 10.875
  },
  "20.0": {
    "exp+1": 8.552933692932129,
    "exp+2": 12.889483451843262,
    "exp-1": 1.1936588287353516,
    "exp-2": 0.50634765625,
    "exp0": 4.25
  },
  "5.0": {
    "exp+1": 28.67748260498047,
    "exp+2": 43.21767807006836,
    "exp-1": 5.273517608642578,
    "exp-2": 2.64404296875,
    "exp0": 14.25
  },
  "50.0": {
    "exp+1": 2.0753440856933594,
    "exp+2": 3.1275951862335205,
    "exp-1": 0.2639808654785156,
    "exp-2": 0.104736328125,
    "exp0": 1.03125
  }
}