{
  "10.0": {
    "exp+1": 16.85430908203125,
    "exp+2": 25.399864196777344,
    "exp-1": 4.418548583984375,
    "exp-2": 2.748046875,
    "exp0": 8.375
  },
  "100.0": {
    "exp+1": 4.779580116271973,
    "exp+2": 7.202946662902832,
    "exp-1": 0.6708316802978516,
    "exp-2": 0.28759765625,
    "exp0": 2.375
  },
  "20.0": {
    "exp+1": 14.087183952331543,
    "exp+2": 21.229736328125,
    "exp-1": 3.083221435546875,
    "exp-2": 1.72265625,
    "exp0": 7.0
  },
  "200.0": {
    "exp+1": 1.4464519023895264,
    "exp+2": 2.1798391342163086,
    "exp-1": 0.19113731384277344,
    "exp-2": 0.07861328125,
    "exp0": 0.71875
  },
  "5.0": {
    "exp+1": 21.63389015197754,
    "exp+2": 32.60280990600586,
    "exp-1": 5.43798828125,
    "exp-2": 3.359375,
    "exp0": 10.75
  },
  "50.0": {
    "exp+1": 19.87299156188965,
    "exp+2": 29.949092864990234,
    "exp-1": 2.692058563232422,
    "exp-2": 1.11865234375,
    "exp0": 9.875
  }
}