{
  "1.0": {
    "exp+1": 281.616943359375,
    "exp+2": 448.92193603515625,
    "exp-1": 113.94581604003906,
    "exp-2": 81.115234375,
    "exp0": 174.5
  },
  "10.0": {
    "exp+1": 72.87309265136719,
    "exp+2": 109.12792205810547,
    "exp-1": 32.20297622680664,
    "exp-2": 23.25439453125,
    "exp0": 47.625
  },
  "2.0": {
    "exp+1": 302.4699401855469,
    "exp+2": 490.61907958984375,
    "exp-1": 121.30923461914062,
    "exp-2": 85.96484375,
    "exp0": 186.5
  },
  "20.0": {
    "exp+1": 25.904041290283203,
    "exp+2": 38.38687515258789,
    "exp-1": 11.579463958740234,
    "exp-2": 8.39794921875,
    "exp0": 17.0625
  },
  "5.0": {
    "exp+1": 155.00738525390625,
    "exp+2": 235.3697509765625,
    "exp-1": 67.37060546875,
    "exp-2": 48.4375,
    "exp0": 100.0
  },
  "50.0": {
    "exp+1": 11.829684257507324,
    "exp+2": 17.373868942260742,
    "exp-1": 5.321264266967773,
    "exp-2": 3.875732421875,
    "exp0": 7.8125
  }
}