{
  "10.0": {
    "exp+1": 242.11495971679688,
    "exp+2": 372.84051513671875,
    "exp-1": 104.04129028320312,
    "exp-2": 74.47265625,
    "exp0": 155.0
  },
  "100.0": {
    "exp+1": 18.265031814575195,
    "exp+2": 27.112993240356445,
    "exp-1": 8.186214447021484,
    "exp-2": 5.93701171875,
    "exp0": 12.0625
  },
  "20.0": {
    "exp+1": 129.0983428955078,
    "exp+2": 196.3803253173828,
    "exp-1": 56.25445556640625,
    "exp-2": 40.4453125,
    "exp0": 83.5
  },
  "200.0": {
    "exp+1": 10.504758834838867,
    "exp+2": 15.469367980957031,
    "exp-1": 4.725282669067383,
    "exp-2": 3.441650390625,
    "exp0": 6.9375
  },
  "5.0": {
    "exp+1": 289.8321838378906,
    "exp+2": 443.6398620605469,
    "exp-1": 124.8948974609375,
    "exp-2": 90.3359375,
    "exp0": 186.5
  },
  "50.0": {
    "exp+1": 45.570011138916016,
    "exp+2": 67.41478729248047,
    "exp-1": 20.317081451416016,
    "exp-2": 14.73486328125,
    "exp0": 29.9375
  }
}