{
  "200.0": {
    "exp+1": 0.030704287812113762,
    "exp+2": 0.043909210711717606,
    "exp-1": 0.014639854431152344,
    "exp-2": 0.01082611083984375,
    "exp0": 0.02099609375
  },
  "5.0": {
    "exp+1": 6.445445537567139,
    "exp+2": 9.585421562194824,
    "exp-1": 2.884125232696533,
    "exp-2": 2.10064697265625,
    "exp0": 4.234375
  },
  "50.0": {
    "exp+1": 0.4453516900539398,
    "exp+2": 0.6340121626853943,
    "exp-1": 0.21028423309326172,
    "exp-2": 0.15422821044921875,
    "exp0": 0.3037109375
  },
  "80.0": {
    "exp+1": 0.18069292604923248,
    "exp+2": 0.2564389109611511,
    "exp-1": 0.08515667915344238,
    "exp-2": 0.06271553039550781,
    "exp0": 0.12255859375
  }
}