{
  "1.0": {
    "exp+1": 7.543484687805176,
    "exp+2": 11.237702369689941,
    "exp-1": 3.384324073791504,
    "exp-2": 2.4649658203125,
    "exp0": 4.96875
  },
  "10.0": {
    "exp+1": 0.7515673637390137,
    "exp+2": 1.0728611946105957,
    "exp-1": 0.3529529571533203,
    "exp-2": 0.2588653564453125,
    "exp0": 0.509765625
  },
  "2.0": {
    "exp+1": 7.034633159637451,
    "exp+2": 10.607352256774902,
    "exp-1": 3.1281518936157227,
    "exp-2": 2.2686767578125,
    "exp0": 4.609375
  },
  "20.0": {
    "exp+1": 0.21466580033302307,
    "exp+2": 0.30512669682502747,
    "exp-1": 0.10144162178039551,
    "exp-2": 0.07470893859863281,
    "exp0": 0.14599609375
  },
  "50.0": {
    "exp+1": 0.036416713148355484,
    "exp+2": 0.051464181393384933,
    "exp-1": 0.016986608505249023,
    "exp-2": 0.01284027099609375,
    "exp0": 0.02490234375
  }
}