{
  "10.0": {
    "exp+1": 0.7515673637390137,
    "exp+2": 1.0728611946105957,
    "exp-1": 0.3529529571533203,
    "exp-2": 0.2588653564453125,
    "exp0": 0.509765625
  },
  "20.0": {
    "exp+1": 0.21466580033302307,
    "exp+2": 0.30512669682502747,
    "exp-1": 0.10144162178039551,
    "exp-2": 0.07470893859863281,
    "exp0": 0.14599609375
  },
  "50.0": {
    "exp+1": 0.036416713148355484,
    "exp+2": 0.051464181393384933,
    "exp-1": 0.016986608505249023,
    "exp-2": 0.01284027099609375,
    "exp0": 0.02490234375
  }
}