{
  "10.0": {
    "exp+1": 4.8564372062683105,
    "exp+2": 7.578838348388672,
    "exp-1": 2.097606658935547,
    "exp-2": 1.50146484375,
    "exp0": 3.125
  },
  "100.0": {
    "exp+1": 0.21570852398872375,
    "exp+2": 0.33402395248413086,
    "exp-1": 0.09375303983688354,
    "exp-2": 0.06740570068359375,
    "exp0": 0.13916015625
  },
  "20.0": {
    "exp+1": 2.6548900604248047,
    "exp+2": 4.1199140548706055,
    "exp-1": 1.1379516124725342,
    "exp-2": 0.814544677734375,
    "exp0": 1.6953125
  },
  "200.0": {
    "exp+1": 0.05346153676509857,
    "exp+2": 0.08268830180168152,
    "exp-1": 0.02304285764694214,
    "exp-2": 0.016521453857421875,
    "exp0": 0.03466796875
  },
  "5.0": {
    "exp+1": 6.78507661819458,
    "exp+2": 10.54892349243164,
    "exp-1": 2.91567325592041,
    "exp-2": 2.0870361328125,
    "exp0": 4.34375
  },
  "50.0": {
    "exp+1": 0.8438059687614441,
    "exp+2": 1.3042093515396118,
    "exp-1": 0.3658013343811035,
    "exp-2": 0.26300048828125,
    "exp0": 0.54296875
  }
}