{
  "1.0": {
    "exp+1": 5.951074123382568,
    "exp+2": 9.445420265197754,
    "exp-1": 2.432525634765625,
    "exp-2": 1.728515625,
    "exp0": 3.6875
  },
  "10.0": {
    "exp+1": 1.375462532043457,
    "exp+2": 2.1322519779205322,
    "exp-1": 0.5947561264038086,
    "exp-2": 0.4276123046875,
    "exp0": 0.8828125
  },
  "2.0": {
    "exp+1": 6.241821765899658,
    "exp+2": 9.896748542785645,
    "exp-1": 2.5866031646728516,
    "exp-2": 1.8463134765625,
    "exp0": 3.90625
  },
  "20.0": {
    "exp+1": 0.38547971844673157,
    "exp+2": 0.5958079099655151,
    "exp-1": 0.16711068153381348,
    "exp-2": 0.120147705078125,
    "exp0": 0.248046875
  },
  "5.0": {
    "exp+1": 3.2621588706970215,
    "exp+2": 5.081277370452881,
    "exp-1": 1.4053964614868164,
    "exp-2": 1.0059814453125,
    "exp0": 2.09375
  },
  "50.0": {
    "exp+1": 0.06618652492761612,
    "exp+2": 0.10211072117090225,
    "exp-1": 0.02844822406768799,
    "exp-2": 0.02057647705078125,
    "exp0": 0.04248046875
  }
}