{
  "10.0": {
    "exp+1": 208.53750610351562,
    "exp+2": 311.7545166015625,
    "exp-1": 93.31369018554688,
    "exp-2": 67.96484375,
    "exp0": 137.0
  },
  "100.0": {
    "exp+1": 9.7739896774292,
    "exp+2": 14.189733505249023,
    "exp-1": 4.523745536804199,
    "exp-2": 3.3226318359375,
    "exp0": 6.59375
  },
  "20.0": {
    "exp+1": 97.52822875976562,
    "exp+2": 143.7183837890625,
    "exp-1": 44.2626953125,
    "exp-2": 32.375,
    "exp0": 64.75
  },
  "200.0": {
    "exp+1": 5.350216865539551,
    "exp+2": 7.745391845703125,
    "exp-1": 2.4902572631835938,
    "exp-2": 1.81878662109375,
    "exp0": 3.609375
  },
  "5.0": {
    "exp+1": 258.0080871582031,
    "exp+2": 383.6997985839844,
    "exp-1": 115.45014953613281,
    "exp-2": 84.087890625,
    "exp0": 169.5
  },
  "50.0": {
    "exp+1": 23.594968795776367,
    "exp+2": 34.19905090332031,
    "exp-1": 10.95281982421875,
    "exp-2": 7.99951171875,
    "exp0": 15.875
  }
}