{
  "1.0": {
    "exp+1": 0,
    "exp+2": 0,
    "exp-1": 0,
    "exp-2": 0,
    "exp0": 17.66328483
  },
  "10.0": {
    "exp+1": 0,
    "exp+2": 0,
    "exp-1": 0,
    "exp-2": 0,
    "exp0": 19.6156363
  },
  "2.0": {
    "exp+1": 0,
    "exp+2": 0,
    "exp-1": 0,
    "exp-2": 0,
    "exp0": 17.76035257
  },
  "20.0": {
    "exp+1": 0,
    "exp+2": 0,
    "exp-1": 0,
    "exp-2": 0,
    "exp0": 25.44316479
  },
  "5.0": {
    "exp+1": 0,
    "exp+2": 0,
    "exp-1": 0,
    "exp-2": 0,
    "exp0": 18.1627419
  },
  "50.0": {
    "exp+1": 0,
    "exp+2": 0,
    "exp-1": 0,
    "exp-2": 0,
    "exp0": 65.7918945
  }
}
