{
  "1.0": {
    "exp+1": 287.36431884765625,
    "exp+2": 445.93798828125,
    "exp-1": 122.42666625976562,
    "exp-2": 88.166015625,
    "exp0": 183.5
  },
  "10.0": {
    "exp+1": 40.90562057495117,
    "exp+2": 59.59376907348633,
    "exp-1": 18.8203125,
    "exp-2": 13.6875,
    "exp0": 27.375
  },
  "2.0": {
    "exp+1": 251.09664916992188,
    "exp+2": 386.67169189453125,
    "exp-1": 108.29824829101562,
    "exp-2": 77.86328125,
    "exp0": 160.75
  },
  "20.0": {
    "exp+1": 13.83169174194336,
    "exp+2": 20.015424728393555,
    "exp-1": 6.4035186767578125,
    "exp-2": 4.6768798828125,
    "exp0": 9.28125
  },
  "5.0": {
    "exp+1": 101.40129089355469,
    "exp+2": 148.86688232421875,
    "exp-1": 46.142578125,
    "exp-2": 33.75,
    "exp0": 67.5
  },
  "50.0": {
    "exp+1": 5.829071998596191,
    "exp+2": 8.424964904785156,
    "exp-1": 2.7154388427734375,
    "exp-2": 1.9915771484375,
    "exp0": 3.921875
  }
}