{
  "1.0": {
    "exp+1": 6.884922504425049,
    "exp+2": 10.577133178710938,
    "exp-1": 2.9911279678344727,
    "exp-2": 2.156982421875,
    "exp0": 4.453125
  },
  "10.0": {
    "exp+1": 0.8840275406837463,
    "exp+2": 1.269286036491394,
    "exp-1": 0.4151592254638672,
    "exp-2": 0.3044891357421875,
    "exp0": 0.599609375
  },
  "2.0": {
    "exp+1": 6.063563346862793,
    "exp+2": 9.223701477050781,
    "exp-1": 2.6460208892822266,
    "exp-2": 1.9302978515625,
    "exp0": 3.921875
  },
  "20.0": {
    "exp+1": 0.2305518388748169,
    "exp+2": 0.32918551564216614,
    "exp-1": 0.10886096954345703,
    "exp-2": 0.07984161376953125,
    "exp0": 0.1572265625
  },
  "5.0": {
    "exp+1": 2.374013900756836,
    "exp+2": 3.4368081092834473,
    "exp-1": 1.1049842834472656,
    "exp-2": 0.807037353515625,
    "exp0": 1.6015625
  },
  "50.0": {
    "exp+1": 0.03784482181072235,
    "exp+2": 0.05348238721489906,
    "exp-1": 0.01765275001525879,
    "exp-2": 0.01334381103515625,
    "exp0": 0.02587890625
  }
}