{
  "10.0": {
    "exp+1": 4.989378452301025,
    "exp+2": 7.352388381958008,
    "exp-1": 2.264404296875,
    "exp-2": 1.65625,
    "exp0": 3.3125
  },
  "100.0": {
    "exp+1": 0.13138408958911896,
    "exp+2": 0.18674978613853455,
    "exp-1": 0.06186819076538086,
    "exp-2": 0.045375823974609375,
    "exp0": 0.08935546875
  },
  "20.0": {
    "exp+1": 2.270353317260742,
    "exp+2": 3.285360097885132,
    "exp-1": 1.0510826110839844,
    "exp-2": 0.767669677734375,
    "exp0": 1.5234375
  },
  "200.0": {
    "exp+1": 0.03137381747364998,
    "exp+2": 0.04456566274166107,
    "exp-1": 0.014957666397094727,
    "exp-2": 0.01082611083984375,
    "exp0": 0.02099609375
  },
  "5.0": {
    "exp+1": 6.203713417053223,
    "exp+2": 9.122919082641602,
    "exp-1": 2.83050537109375,
    "exp-2": 2.0703125,
    "exp0": 4.140625
  },
  "50.0": {
    "exp+1": 0.4709724485874176,
    "exp+2": 0.669441819190979,
    "exp-1": 0.22177886962890625,
    "exp-2": 0.16265869140625,
    "exp0": 0.3203125
  }
}