{
  "10.0": {
    "exp+1": 499.1785583496094,
    "exp+2": 866.6695556640625,
    "exp-1": 184.442626953125,
    "exp-2": 130.03125,
    "exp0": 292.0
  },
  "100.0": {
    "exp+1": 22.864055633544922,
    "exp+2": 39.793190002441406,
    "exp-1": 8.432441711425781,
    "exp-2": 5.876220703125,
    "exp0": 13.3125
  },
  "20.0": {
    "exp+1": 234.20364379882812,
    "exp+2": 406.6223449707031,
    "exp-1": 86.7789306640625,
    "exp-2": 60.47265625,
    "exp0": 137.0
  },
  "200.0": {
    "exp+1": 12.617424964904785,
    "exp+2": 22.01080322265625,
    "exp-1": 4.599992752075195,
    "exp-2": 3.227783203125,
    "exp0": 7.3125
  },
  "5.0": {
    "exp+1": 650.9193725585938,
    "exp+2": 1093.073486328125,
    "exp-1": 248.751953125,
    "exp-2": 175.8125,
    "exp0": 388.0
  },
  "50.0": {
    "exp+1": 55.772945404052734,
    "exp+2": 96.15383911132812,
    "exp-1": 20.665420532226562,
    "exp-2": 14.40087890625,
    "exp0": 32.625
  }
}