{
  "1.0": {
    "exp+1": 706.21533203125,
    "exp+2": 1187.03955078125,
    "exp-1": 273.38104248046875,
    "exp-2": 192.578125,
    "exp0": 425.0
  },
  "10.0": {
    "exp+1": 96.41006469726562,
    "exp+2": 168.18511962890625,
    "exp-1": 35.249267578125,
    "exp-2": 24.4453125,
    "exp0": 55.875
  },
  "2.0": {
    "exp+1": 562.8439331054688,
    "exp+2": 948.7435913085938,
    "exp-1": 215.093505859375,
    "exp-2": 152.0234375,
    "exp0": 335.5
  },
  "20.0": {
    "exp+1": 32.26710891723633,
    "exp+2": 56.41451644897461,
    "exp-1": 11.873485565185547,
    "exp-2": 8.33154296875,
    "exp0": 18.875
  },
  "5.0": {
    "exp+1": 239.64036560058594,
    "exp+2": 413.8976745605469,
    "exp-1": 89.37887573242188,
    "exp-2": 63.01171875,
    "exp0": 141.5
  },
  "50.0": {
    "exp+1": 13.641916275024414,
    "exp+2": 23.798006057739258,
    "exp-1": 4.973496437072754,
    "exp-2": 3.4898681640625,
    "exp0": 7.90625
  }
}