{
  "10.0": {
    "exp+1": 0.5284008383750916,
    "exp+2": 0.754291296005249,
    "exp-1": 0.24814891815185547,
    "exp-2": 0.18199920654296875,
    "exp0": 0.3583984375
  },
  "100.0": {
    "exp+1": 0.013123252429068089,
    "exp+2": 0.018309682607650757,
    "exp-1": 0.005888938903808594,
    "exp-2": 0.0043487548828125,
    "exp0": 0.00927734375
  },
  "20.0": {
    "exp+1": 0.2412298023700714,
    "exp+2": 0.3428848385810852,
    "exp-1": 0.11422491073608398,
    "exp-2": 0.08331298828125,
    "exp0": 0.1640625
  },
  "5.0": {
    "exp+1": 0.7947609424591064,
    "exp+2": 1.1411170959472656,
    "exp-1": 0.37323760986328125,
    "exp-2": 0.27374267578125,
    "exp0": 0.5390625
  },
  "50.0": {
    "exp+1": 0.04784156382083893,
    "exp+2": 0.06760980933904648,
    "exp-1": 0.02290278673171997,
    "exp-2": 0.016613006591796875,
    "exp0": 0.03271484375
  }
}