{
  "1.0": {
    "exp+1": 0.9380250573158264,
    "exp+2": 1.3579583168029785,
    "exp-1": 0.4366035461425781,
    "exp-2": 0.318878173828125,
    "exp0": 0.6328125
  },
  "10.0": {
    "exp+1": 0.0868714451789856,
    "exp+2": 0.12275445461273193,
    "exp-1": 0.04136174917221069,
    "exp-2": 0.030002593994140625,
    "exp0": 0.05908203125
  },
  "2.0": {
    "exp+1": 0.700623631477356,
    "exp+2": 1.0056447982788086,
    "exp-1": 0.3272590637207031,
    "exp-2": 0.240020751953125,
    "exp0": 0.47265625
  },
  "20.0": {
    "exp+1": 0.02309883013367653,
    "exp+2": 0.03263574838638306,
    "exp-1": 0.010589599609375,
    "exp-2": 0.00830078125,
    "exp0": 0.015624999999999998
  },
  "5.0": {
    "exp+1": 0.2548958361148834,
    "exp+2": 0.3628751337528229,
    "exp-1": 0.12102401256561279,
    "exp-2": 0.0882720947265625,
    "exp0": 0.173828125
  }
}
