{
  "10.0": {
    "exp+1": 11.654126167297363,
    "exp+2": 17.467832565307617,
    "exp-1": 5.214838981628418,
    "exp-2": 3.7982177734375,
    "exp0": 7.65625
  },
  "100.0": {
    "exp+1": 0.3077099621295929,
    "exp+2": 0.4460013806819916,
    "exp-1": 0.1428394317626953,
    "exp-2": 0.1043243408203125,
    "exp0": 0.20703125
  },
  "20.0": {
    "exp+1": 5.309344291687012,
    "exp+2": 7.810741901397705,
    "exp-1": 2.4169921875,
    "exp-2": 1.7578125,
    "exp0": 3.515625
  },
  "200.0": {
    "exp+1": 0.07329883426427841,
    "exp+2": 0.10654036700725555,
    "exp-1": 0.03414583206176758,
    "exp-2": 0.025043487548828125,
    "exp0": 0.04931640625
  },
  "5.0": {
    "exp+1": 14.603333473205566,
    "exp+2": 21.71752166748047,
    "exp-1": 6.534512519836426,
    "exp-2": 4.7593994140625,
    "exp0": 9.59375
  },
  "50.0": {
    "exp+1": 1.106069564819336,
    "exp+2": 1.6050554513931274,
    "exp-1": 0.5120658874511719,
    "exp-2": 0.373992919921875,
    "exp0": 0.7421875
  }
}