{
  "10.0": {
    "exp+1": 0, 
    "exp+2": 0,
    "exp-1": 0,
    "exp-2": 0,
    "exp0": 17.90024426
  },
  "100.0": {
    "exp+1": 0, 
    "exp+2": 0,
    "exp-1": 0,
    "exp-2": 0,
    "exp0": 31.78985067
  },
  "20.0": {
    "exp+1": 0, 
    "exp+2": 0,
    "exp-1": 0,
    "exp-2": 0,
    "exp0": 18.36002257
  },
  "200.0": {
    "exp+1": 0, 
    "exp+2": 0,
    "exp-1": 0,
    "exp-2": 0,
    "exp0": 72.83668034
  },
  "5.0": {
    "exp+1": 0, 
    "exp+2": 0,
    "exp-1": 0,
    "exp-2": 0,
    "exp0": 17.73472225
  },
  "50.0": {
    "exp+1": 0, 
    "exp+2": 0,
    "exp-1": 0,
    "exp-2": 0,
    "exp0": 21.34582041
  }
}
