{
  "1.0": {
    "exp+1": 16.157268524169922,
    "exp+2": 25.120100021362305,
    "exp-1": 6.901094436645508,
    "exp-2": 4.9698486328125,
    "exp0": 10.34375
  },
  "10.0": {
    "exp+1": 2.0835113525390625,
    "exp+2": 3.0304055213928223,
    "exp-1": 0.9594497680664062,
    "exp-2": 0.70074462890625,
    "exp0": 1.390625
  },
  "2.0": {
    "exp+1": 14.18079662322998,
    "exp+2": 21.918224334716797,
    "exp-1": 6.110809326171875,
    "exp-2": 4.419921875,
    "exp0": 9.125
  },
  "20.0": {
    "exp+1": 0.5428473353385925,
    "exp+2": 0.7877443432807922,
    "exp-1": 0.25131654739379883,
    "exp-2": 0.18355178833007812,
    "exp0": 0.3642578125
  },
  "5.0": {
    "exp+1": 5.586460113525391,
    "exp+2": 8.201462745666504,
    "exp-1": 2.5421142578125,
    "exp-2": 1.859375,
    "exp0": 3.71875
  },
  "50.0": {
    "exp+1": 0.08853919059038162,
    "exp+2": 0.12796884775161743,
    "exp-1": 0.041245460510253906,
    "exp-2": 0.03025054931640625,
    "exp0": 0.0595703125
  }
}