{
  "1.0": {
    "exp+1": 819.2097778320312,
    "exp+2": 1366.3419189453125,
    "exp-1": 319.4239196777344,
    "exp-2": 225.31640625,
    "exp0": 493.0
  },
  "10.0": {
    "exp+1": 94.9065170288086,
    "exp+2": 165.1732635498047,
    "exp-1": 34.00096130371094,
    "exp-2": 23.630859375,
    "exp0": 54.5
  },
  "2.0": {
    "exp+1": 723.155029296875,
    "exp+2": 1235.5223388671875,
    "exp-1": 272.6607666015625,
    "exp-2": 191.81640625,
    "exp0": 427.0
  },
  "20.0": {
    "exp+1": 36.455692291259766,
    "exp+2": 61.7581672668457,
    "exp-1": 12.605663299560547,
    "exp-2": 8.67529296875,
    "exp0": 20.375
  },
  "50.0": {
    "exp+1": 15.613249778747559,
    "exp+2": 26.333011627197266,
    "exp-1": 5.329736709594727,
    "exp-2": 3.631103515625,
    "exp0": 8.6875
  }
}