{
  "200.0": {
    "exp+1": 14.761200904846191,
    "exp+2": 25.00637435913086,
    "exp-1": 5.082733154296875,
    "exp-2": 3.48046875,
    "exp0": 8.25
  },
  "5.0": {
    "exp+1": 677.2215576171875,
    "exp+2": 1130.21435546875,
    "exp-1": 267.6608581542969,
    "exp-2": 189.67578125,
    "exp0": 411.5
  },
  "50.0": {
    "exp+1": 60.90354919433594,
    "exp+2": 104.56566619873047,
    "exp-1": 21.344558715820312,
    "exp-2": 14.689453125,
    "exp0": 34.5
  },
  "80.0": {
    "exp+1": 32.318084716796875,
    "exp+2": 54.74880599975586,
    "exp-1": 11.128105163574219,
    "exp-2": 7.6201171875,
    "exp0": 18.0625
  }
}