{
  "10.0": {
    "exp+1": 1.1486648321151733,
    "exp+2": 1.4879841804504395,
    "exp-1": 0.6913661956787109,
    "exp-2": 0.56304931640625,
    "exp0": 0.87890625
  },
  "20.0": {
    "exp+1": 0.32600679993629456,
    "exp+2": 0.4233468174934387,
    "exp-1": 0.1980055570602417,
    "exp-2": 0.16176223754882812,
    "exp0": 0.2509765625
  },
  "50.0": {
    "exp+1": 0.05501081421971321,
    "exp+2": 0.07152435928583145,
    "exp-1": 0.03361308574676514,
    "exp-2": 0.027545928955078125,
    "exp0": 0.04248046875
  }
}