{
  "1.0": {
    "exp+1": 3.207350015640259,
    "exp+2": 4.833556175231934,
    "exp-1": 0.8147735595703125,
    "exp-2": 0.498046875,
    "exp0": 1.59375
  },
  "10.0": {
    "exp+1": 24.904129028320312,
    "exp+2": 37.53114318847656,
    "exp-1": 2.117889404296875,
    "exp-2": 0.652587890625,
    "exp0": 12.375
  },
  "2.0": {
    "exp+1": 12.452064514160156,
    "exp+2": 18.76557159423828,
    "exp-1": 2.0871105194091797,
    "exp-2": 0.990966796875,
    "exp0": 6.1875
  },
  "20.0": {
    "exp+1": 9.68493938446045,
    "exp+2": 14.595443725585938,
    "exp-1": 0.754817008972168,
    "exp-2": 0.2161865234375,
    "exp0": 4.8125
  },
  "5.0": {
    "exp+1": 25.0299072265625,
    "exp+2": 37.7206916809082,
    "exp-1": 2.8042068481445312,
    "exp-2": 1.020263671875,
    "exp0": 12.4375
  },
  "50.0": {
    "exp+1": 2.0124549865722656,
    "exp+2": 3.0328195095062256,
    "exp-1": 0.145904541015625,
    "exp-2": 0.041015625,
    "exp0": 0.9999999999999999
  }
}