{
  "10.0": {
    "exp+1": 10.43960952758789,
    "exp+2": 15.732751846313477,
    "exp-1": 1.774773120880127,
    "exp-2": 0.8409423828125,
    "exp0": 5.1875
  },
  "100.0": {
    "exp+1": 5.156915664672852,
    "exp+2": 7.771600246429443,
    "exp-1": 0.40633392333984375,
    "exp-2": 0.1201171875,
    "exp0": 2.5625
  },
  "20.0": {
    "exp+1": 10.942723274230957,
    "exp+2": 16.490957260131836,
    "exp-1": 1.4736242294311523,
    "exp-2": 0.6053466796875,
    "exp0": 5.4375
  },
  "200.0": {
    "exp+1": 1.4464519023895264,
    "exp+2": 2.1798391342163086,
    "exp-1": 0.10880613327026367,
    "exp-2": 0.0308837890625,
    "exp0": 0.71875
  },
  "5.0": {
    "exp+1": 15.72230339050293,
    "exp+2": 23.69390296936035,
    "exp-1": 2.561211585998535,
    "exp-2": 1.190185546875,
    "exp0": 7.8125
  },
  "50.0": {
    "exp+1": 27.671255111694336,
    "exp+2": 41.70126724243164,
    "exp-1": 1.9942283630371094,
    "exp-2": 0.550537109375,
    "exp0": 13.75
  }
}